datetime,close,percent_b
2025-09-04,238.09,-0.115688
2025-09-03,238.47,-0.262651
2025-09-02,229.72,-0.337347
2025-08-29,232.14,-0.133995
2025-08-28,232.56,-0.044122
2025-08-27,230.49,0.13187
2025-08-26,229.31,0.200485
2025-08-25,227.16,0.275074
2025-08-22,227.76,0.354187
2025-08-21,224.9,0.365621
2025-08-20,226.01,0.375765
2025-08-19,230.56,0.397815
2025-08-18,230.89,0.41993
2025-08-15,231.59,0.391876
2025-08-14,232.78,0.378499
2025-08-13,233.33,0.36717
2025-08-12,229.65,0.390786
2025-08-11,227.18,0.375169
2025-08-08,229.35,0.375412
2025-08-07,220.03,0.530773
2025-08-06,213.25,0.646485
2025-08-05,202.92,0.568271
2025-08-04,203.35,0.461288
2025-08-01,202.38,0.419874
2025-07-31,207.57,0.764428
2025-07-30,209.05,0.608366
2025-07-29,211.27,0.0181043
2025-07-28,214.05,-0.135937
2025-07-25,213.88,-0.249148
2025-07-24,213.76,-0.103671
2025-07-23,214.15,0.0162199
2025-07-22,214.4,0.0167177
2025-07-21,212.48,0.128286
2025-07-18,211.18,0.143019
2025-07-17,210.02,-0.00590263
2025-07-16,210.16,0.0285816
2025-07-15,209.11,0.190109
2025-07-14,208.62,0.146879
2025-07-11,211.16,0.285121
2025-07-10,212.41,0.289923
2025-07-09,211.14,0.47534
2025-07-08,210.01,0.438582
2025-07-07,209.95,0.575699
2025-07-03,213.55,0.428435
2025-07-02,212.44,0.591652
2025-07-01,207.82,0.698498
2025-06-30,205.17,0.60623
2025-06-27,201.08,0.545904
2025-06-26,201,0.451178
2025-06-25,201.56,0.507262
2025-06-24,200.3,0.491151
2025-06-23,201.5,0.0155457
2025-06-20,201,0.635447
2025-06-18,196.58,0.701522
2025-06-17,195.64,1.06747
2025-06-16,198.42,1.11698
2025-06-13,196.45,1.13735
2025-06-12,199.2,1.0501
2025-06-11,198.78,1.00884
2025-06-10,202.67,0.967197
2025-06-09,201.45,0.819798
2025-06-06,203.92,0.219022
2025-06-05,200.63,0.196341
2025-06-04,202.82,0.162186
2025-06-03,203.27,0.278537
2025-06-02,201.7,0.30808
2025-05-30,200.85,0.581459
2025-05-29,199.95,0.878352
2025-05-28,200.42,0.809605
2025-05-27,200.21,0.734109
2025-05-23,195.27,0.673112
2025-05-22,201.36,0.619721
2025-05-21,202.09,0.567318
2025-05-20,206.86,0.397134
2025-05-19,208.78,0.210137
2025-05-16,211.26,0.0180567
2025-05-15,211.45,0.197458
2025-05-14,212.33,0.14059
2025-05-13,212.93,0.440824
2025-05-12,210.79,0.473129
2025-05-09,198.53,0.321349
2025-05-08,197.49,0.0606363
2025-05-07,196.25,0.372677
2025-05-06,198.51,-0.274547
2025-05-05,198.89,0.0396925
2025-05-02,205.35,0.231144
2025-05-01,213.32,0.587015
2025-04-30,212.5,1.02416
2025-04-29,211.21,0.964438
2025-04-28,210.14,0.908227
2025-04-25,209.28,0.809228
2025-04-24,208.37,0.885144
2025-04-23,204.6,0.819017
2025-04-22,199.74,0.825262
2025-04-21,193.16,0.752072
2025-04-17,196.98,0.692597
2025-04-16,194.27,0.612822
2025-04-15,202.14,0.615704
2025-04-14,202.52,0.565934
2025-04-11,198.15,0.578021
2025-04-10,190.42,0.557949
2025-04-09,198.85,0.478317
2025-04-08,172.42,0.589963
2025-04-07,181.46,0.647493
2025-04-04,188.38,0.817512
2025-04-03,203.19,1.18558
2025-04-02,223.89,1.0121
2025-04-01,223.19,0.960705
2025-03-31,222.13,0.913662
2025-03-28,217.9,0.917703
2025-03-27,223.85,0.948922
2025-03-26,221.53,0.805515
2025-03-25,223.75,0.83952
2025-03-24,220.73,0.928646
2025-03-21,218.27,0.87949
2025-03-20,214.1,0.812974
2025-03-19,215.24,0.78827
2025-03-18,212.69,0.744543
2025-03-17,214,0.715534
2025-03-14,213.49,0.69838
2025-03-13,209.68,0.61119
2025-03-12,216.98,0.454694
2025-03-11,220.84,0.254556
2025-03-10,227.48,-0.00947239
2025-03-07,239.07,-0.0120217
2025-03-06,235.33,0.249289
2025-03-05,235.74,0.229387
2025-03-04,235.93,0.253635
2025-03-03,238.03,0.102567
2025-02-28,241.84,0.409735
2025-02-27,237.3,0.477713
2025-02-26,240.36,0.541157
2025-02-25,247.04,0.5033
2025-02-24,247.1,0.211455
2025-02-21,245.55,0.00913225
2025-02-20,245.83,0.0910093
2025-02-19,244.87,0.133632
2025-02-18,244.47,0.127193
2025-02-14,244.6,0.416842
2025-02-13,241.53,0.366998
2025-02-12,236.87,0.818631
2025-02-11,232.62,0.615036
2025-02-10,227.65,0.663249
2025-02-07,227.63,0.753778
2025-02-06,233.22,0.954061
2025-02-05,232.47,0.886859
2025-02-04,232.8,0.934916
2025-02-03,228.01,0.837195
2025-01-31,236,0.817957
2025-01-30,237.59,0.968748
2025-01-29,239.36,0.956218
2025-01-28,238.26,0.977327
2025-01-27,229.86,0.982804
2025-01-24,222.78,0.906356
2025-01-23,223.66,0.812538
2025-01-22,223.83,0.770391
2025-01-21,222.64,0.645443
2025-01-17,229.98,0.582074
2025-01-16,228.26,0.709832
2025-01-15,237.87,0.620311
2025-01-14,233.28,0.508968
2025-01-13,234.4,0.475517
2025-01-10,236.85,0.38103
2025-01-08,242.7,0.400394
2025-01-07,242.21,0.331703
2025-01-06,245,0.120686
2025-01-03,243.36,0.145652
2025-01-02,243.85,0.146774
2024-12-31,250.42,0.137358
2024-12-30,252.2,0.0527932
2024-12-27,255.59,0.029719
2024-12-26,259.02,0.0101008
2024-12-24,258.2,0.059997
2024-12-23,255.27,0.025668
2024-12-20,254.49,-0.0136542
2024-12-19,249.79,0.00643596
2024-12-18,248.05,0.0818641
2024-12-17,253.48,0.109758
2024-12-16,251.04,0.134884
2024-12-13,248.13,0.0830801
2024-12-12,247.96,0.215877
2024-12-11,246.49,0.149748
2024-12-10,247.77,0.155786
2024-12-09,246.75,0.181457
2024-12-06,242.84,0.294338
2024-12-05,243.04,0.33348
2024-12-04,243.01,0.169809
2024-12-03,242.65,0.216254
2024-12-02,239.59,0.158245
2024-11-29,237.33,0.215261
2024-11-27,234.93,0.410644
2024-11-26,235.06,0.731419
2024-11-25,232.87,1.02769
2024-11-22,229.87,0.996554
2024-11-21,228.52,0.828652
2024-11-20,229,0.752226
2024-11-19,228.28,0.754547
2024-11-18,228.02,1.02271
2024-11-15,225,0.980485
2024-11-14,228.22,0.85259
2024-11-13,225.12,0.684047
2024-11-12,224.23,0.647308
2024-11-11,224.23,0.73452
2024-11-08,226.96,0.579338
2024-11-07,227.48,0.366369
2024-11-06,222.72,0.445683
2024-11-05,223.45,0.451108
2024-11-04,222.01,0.200361
2024-11-01,222.91,-0.0546979
2024-10-31,225.91,0.237662
2024-10-30,230.1,0.162579
2024-10-29,233.67,0.255807
2024-10-28,233.4,0.244903
2024-10-25,231.41,0.694585
2024-10-24,230.57,0.362326
2024-10-23,230.76,0.355739
2024-10-22,235.86,0.29808
2024-10-21,236.48,0.381772
2024-10-18,235,0.336828
2024-10-17,232.15,0.496314
2024-10-16,231.78,0.572074
2024-10-15,233.85,-0.0610099
2024-10-14,231.3,-0.204153
2024-10-11,227.55,-0.0995317
2024-10-10,229.04,0.304461
2024-10-09,229.54,0.339251
2024-10-08,225.77,0.350863
2024-10-07,221.69,0.216896
2024-10-04,226.8,0.270149
2024-10-03,225.67,0.285611
2024-10-02,226.78,0.38944
2024-10-01,226.21,0.316405
2024-09-30,233,0.440731
2024-09-27,227.79,0.858143
2024-09-26,227.52,0.889797
2024-09-25,226.37,0.685392
2024-09-24,227.37,0.77378
2024-09-23,226.47,0.721245
2024-09-20,228.2,0.697891
2024-09-19,228.87,0.566097
2024-09-18,220.69,0.703161
2024-09-17,216.79,0.690683
2024-09-16,216.32,0.629741
2024-09-13,222.5,0.623787
2024-09-12,222.77,0.498679
2024-09-11,222.66,0.243163
2024-09-10,220.11,0.216463
2024-09-09,220.91,-0.0452494
2024-09-06,220.82,-0.0582001
2024-09-05,222.38,-0.120373
2024-09-04,220.85,-0.140136
2024-09-03,222.77,-0.109465
2024-08-30,229,0.044366
2024-08-29,229.79,0.441616
2024-08-28,226.49,0.403556
2024-08-27,228.03,0.556474
2024-08-26,227.18,0.443828
2024-08-23,226.84,0.437147
2024-08-22,224.53,0.441898
2024-08-21,226.4,0.435409
2024-08-20,226.51,0.499789
2024-08-19,225.89,0.812547
2024-08-16,226.05,0.773324
2024-08-15,224.72,0.801668
2024-08-14,221.72,0.798514
2024-08-13,221.27,0.972376
2024-08-12,217.53,1.10021
2024-08-09,216.24,0.992744
2024-08-08,213.31,0.822188
2024-08-07,209.82,0.70166
2024-08-06,207.23,0.849967
2024-08-05,209.27,0.687724
2024-08-02,219.86,0.637483
2024-08-01,218.36,0.55845
2024-07-31,222.08,0.329873
2024-07-30,218.8,0.277309
2024-07-29,218.24,0.12953
2024-07-26,217.96,-0.0608189
2024-07-25,217.49,0.102559
2024-07-24,218.54,0.0958027
2024-07-23,225.01,0.00833276
2024-07-22,223.96,0.0493689
2024-07-19,224.31,0.0876058
2024-07-18,224.18,0.183804
2024-07-17,228.88,0.323937
2024-07-16,234.82,0.402524
2024-07-15,234.4,0.308848
2024-07-12,230.54,0.378588
2024-07-11,227.57,0.361314
2024-07-10,232.98,0.195517
2024-07-09,228.68,-0.158316
2024-07-08,227.82,0.0165634
2024-07-05,226.34,0.00203298
2024-07-03,221.55,0.0816584
2024-07-02,220.27,0.0837927
2024-07-01,216.75,0.115983
2024-06-28,210.62,0.11069
2024-06-27,214.1,0.130511
2024-06-26,213.25,0.145093
2024-06-25,209.07,0.173755
2024-06-24,208.14,0.205952
2024-06-21,207.49,0.165256
2024-06-20,209.68,0.287986
2024-06-18,214.29,0.342989
2024-06-17,216.67,0.329278
2024-06-14,212.49,0.313643
2024-06-13,214.24,0.330077
2024-06-12,213.07,0.336433
2024-06-11,207.15,0.207086
2024-06-10,193.12,0.0459233
2024-06-07,196.89,-0.0926513
2024-06-06,194.48,0.0649047
2024-06-05,195.87,0.00437439
2024-06-04,194.35,0.0325963
2024-06-03,194.03,0.0427062
2024-05-31,192.25,0.186565
2024-05-30,191.29,-0.246027
2024-05-29,190.29,-0.19877
2024-05-28,189.99,-0.040493
2024-05-24,189.98,0.126815
2024-05-23,186.88,0.0481092
2024-05-22,190.9,0.118693
2024-05-21,192.35,0.135206
2024-05-20,191.04,0.114209
2024-05-17,189.87,0.124347
2024-05-16,189.84,0.138641
2024-05-15,189.72,0.224812
2024-05-14,187.43,0.274711
2024-05-13,186.28,0.338926
2024-05-10,183.05,0.475074
2024-05-09,184.57,0.639221
2024-05-08,182.74,0.607783
2024-05-07,182.4,0.312191
2024-05-06,181.71,0.421769
2024-05-03,183.38,0.376417
2024-05-02,173.03,0.479952
2024-05-01,169.3,0.430874
2024-04-30,170.33,0.502513
2024-04-29,173.5,0.437643
2024-04-26,169.3,0.561019
2024-04-25,169.89,0.683027
2024-04-24,169.02,0.820415
2024-04-23,166.9,0.501931
2024-04-22,165.84,0.586571
2024-04-19,165,0.694139
2024-04-18,167.04,0.588124
2024-04-17,168,1.16416
2024-04-16,169.38,0.887358
2024-04-15,172.69,0.669153
2024-04-12,176.55,0.576047
2024-04-11,175.04,0.63222
2024-04-10,167.78,0.478876
2024-04-09,169.67,0.659065
2024-04-08,168.45,0.597416
2024-04-05,169.58,0.378312
2024-04-04,168.82,0.204124
2024-04-03,169.65,0.21283
2024-04-02,168.84,0.312953
2024-04-01,170.03,0.804314
2024-03-28,171.48,1.11866
2024-03-27,173.31,1.07547
2024-03-26,169.71,1.0226
2024-03-25,170.85,1.00946
2024-03-22,172.28,0.872412
2024-03-21,171.37,0.896042
2024-03-20,178.67,0.931698
2024-03-19,176.08,0.807723
2024-03-18,173.72,0.749954
2024-03-15,172.62,0.759425
2024-03-14,173,0.798823
2024-03-13,171.13,0.781557
2024-03-12,173.23,0.791346
2024-03-11,172.75,0.845524
2024-03-08,170.73,0.874634
2024-03-07,169,0.822817
2024-03-06,169.12,0.852086
2024-03-05,170.12,0.842711
2024-03-04,175.1,0.762113
2024-03-01,179.66,0.618217
2024-02-29,180.75,0.681528
2024-02-28,181.42,0.448735
2024-02-27,182.63,0.757305
2024-02-26,181.16,1.00859
2024-02-23,182.52,0.995336
2024-02-22,184.37,1.03547
2024-02-21,182.32,0.976773
2024-02-20,181.56,0.95785
2024-02-16,182.31,0.844417
2024-02-15,183.86,0.671777
2024-02-14,184.15,0.445739
2024-02-13,185.04,0.0248893
2024-02-12,187.15,0.10937
2024-02-09,188.85,0.276743
2024-02-08,188.32,0.270431
2024-02-07,189.41,0.320492
2024-02-06,189.3,0.269888
2024-02-05,187.68,0.312195
2024-02-02,185.85,0.0848413
2024-02-01,186.86,0.155708
2024-01-31,184.4,0.29947
2024-01-30,188.04,0.372757
2024-01-29,191.73,0.743328
2024-01-26,192.42,0.790294
2024-01-25,194.17,0.76305
2024-01-24,194.5,0.764391
2024-01-23,195.18,0.800536
2024-01-22,193.89,0.864409
2024-01-19,191.56,0.864904
2024-01-18,188.63,0.933599
2024-01-17,182.68,0.843187
2024-01-16,183.63,0.878493
2024-01-12,185.92,0.860946
2024-01-11,185.59,0.817571
2024-01-10,186.19,0.653775
2024-01-09,185.14,0.569907
2024-01-08,185.56,0.667426
2024-01-05,181.18,0.581221
2024-01-04,181.91,0.449058
2024-01-03,184.25,0.474457
2024-01-02,185.64,0.0946819
2023-12-29,192.53,0.151199
2023-12-28,193.58,0.0536555
2023-12-27,193.15,0.056021
2023-12-26,193.05,0.182283
2023-12-22,193.6,0.158258
2023-12-21,194.68,0.201925
2023-12-20,194.83,0.331103
2023-12-19,196.94,0.294695
2023-12-18,195.89,0.380344
2023-12-15,197.57,0.254018
2023-12-14,198.11,0.275446
2023-12-13,197.96,0.133177
2023-12-12,194.71,0.0764842
2023-12-11,193.18,-0.104853
2023-12-08,195.71,0.111671
2023-12-07,194.27,-0.162828
2023-12-06,192.32,-0.0364035
2023-12-05,193.42,-0.0292129
2023-12-04,189.43,-0.104083
2023-12-01,191.24,-0.115074
2023-11-30,189.95,0.0203249
2023-11-29,189.37,-0.0519055
2023-11-28,190.4,-0.0692097
2023-11-27,189.79,0.00159262
2023-11-24,189.97,0.0112454
2023-11-22,191.31,0.0395968
2023-11-21,190.64,0.203055
2023-11-20,191.45,0.298637
2023-11-17,189.69,0.30481
2023-11-16,189.71,0.320805
2023-11-15,188.01,0.433816
2023-11-14,187.44,0.46992
2023-11-13,184.8,0.551583
2023-11-10,186.4,0.648006
2023-11-09,182.41,0.694859
2023-11-08,182.89,0.811731
2023-11-07,181.82,0.782926
2023-11-06,179.23,0.719544
2023-11-03,176.65,0.759408
2023-11-02,177.57,0.659848
2023-11-01,173.97,0.504278
2023-10-31,170.77,0.424933
2023-10-30,170.29,0.335785
2023-10-27,168.22,0.409557
2023-10-26,166.89,0.208998
2023-10-25,171.1,0.115271
2023-10-24,173.44,0.103325
2023-10-23,173,0.236879
2023-10-20,172.88,0.548597
2023-10-19,175.46,0.437466
2023-10-18,175.84,0.374992
2023-10-17,177.15,0.501606
2023-10-16,178.72,0.774378
2023-10-13,178.85,0.693178
2023-10-12,180.71,0.473388
2023-10-11,179.8,0.557953
2023-10-10,178.39,0.442458
2023-10-09,178.99,0.659982
2023-10-06,177.49,0.958811
2023-10-05,174.91,0.833128
2023-10-04,173.66,0.752827
2023-10-03,172.4,1.10053
2023-10-02,173.75,1.27312
2023-09-29,171.21,1.10096
2023-09-28,170.69,0.955059
2023-09-27,170.43,0.896672
2023-09-26,171.96,0.718589
2023-09-25,176.08,0.519876
2023-09-22,174.79,0.436491
2023-09-21,173.93,0.320914
2023-09-20,175.49,0.540023
2023-09-19,179.07,0.332109
2023-09-18,177.97,0.272332
2023-09-15,175.01,0.219927
2023-09-14,175.74,0.201305
2023-09-13,174.21,0.325111
2023-09-12,176.3,0.356771
2023-09-11,179.36,0.450719
2023-09-08,178.18,0.368738
2023-09-07,177.56,0.378709
2023-09-06,182.91,0.388074
2023-09-05,189.7,0.479408
2023-09-01,189.46,0.453027
2023-08-31,187.87,0.684205
2023-08-30,187.65,1.21323
2023-08-29,184.12,1.18556
2023-08-28,180.19,1.16326
2023-08-25,178.61,1.06729
2023-08-24,176.38,0.965207
2023-08-23,181.12,0.837385
2023-08-22,177.23,0.839743
2023-08-21,175.84,0.782071
2023-08-18,174.49,0.731457
2023-08-17,174,0.686117
2023-08-16,176.57,0.702398
2023-08-15,177.45,0.742666
2023-08-14,179.46,0.676462
2023-08-11,177.79,0.665713
2023-08-10,177.97,0.524881
2023-08-09,178.19,0.493729
2023-08-08,179.8,0.425141
2023-08-07,178.85,0.291637
2023-08-04,181.99,0.227429
2023-08-03,191.17,0.293044
2023-08-02,192.58,0.410829
2023-08-01,195.61,0.366522
2023-07-31,196.45,0.505479
2023-07-28,195.83,0.705509
2023-07-27,193.22,0.195195
2023-07-26,194.5,0.187344
2023-07-25,193.62,0.0906563
2023-07-24,192.75,-0.0985406
2023-07-21,191.94,0.102895
2023-07-20,193.13,0.172313
2023-07-19,195.1,-0.0159013
2023-07-18,193.73,0.109853
2023-07-17,193.99,0.139744
2023-07-14,190.69,0.255154
2023-07-13,190.54,0.117557
2023-07-12,189.77,0.113777
2023-07-11,188.08,0.188675
2023-07-10,188.61,0.0386951
2023-07-07,190.68,0.074564
2023-07-06,191.81,-0.0134011
2023-07-05,191.33,0.115611
2023-07-03,192.46,0.171689
2023-06-30,193.97,0.273198
2023-06-29,189.59,0.223536
2023-06-28,189.25,0.059537
2023-06-27,188.06,0.0992532
2023-06-26,185.27,0.0197321
2023-06-23,186.68,-0.0459007
2023-06-22,187,-0.0285858
2023-06-21,183.96,0.0207869
2023-06-20,185.01,0.205993
2023-06-16,184.92,0.283495
2023-06-15,186.01,0.298249
2023-06-14,183.95,0.177116
2023-06-13,183.31,0.167109
2023-06-12,183.79,0.193517
2023-06-09,180.96,0.244588
2023-06-08,180.57,0.352652
2023-06-07,177.82,0.356885
2023-06-06,179.21,0.234266
2023-06-05,179.58,0.397279
2023-06-02,180.95,0.423776
2023-06-01,180.09,-0.200143
2023-05-31,177.25,-0.0152005
2023-05-30,177.3,0.123892
2023-05-26,175.43,0.242959
2023-05-25,172.99,0.275066
2023-05-24,171.84,0.18091
2023-05-23,171.56,-0.111363
2023-05-22,174.2,-0.0112163
2023-05-19,175.16,0.144648
2023-05-18,175.05,0.159264
2023-05-17,172.69,0.294493
2023-05-16,172.07,0.382065
2023-05-15,172.07,0.316117
2023-05-12,172.57,0.250298
2023-05-11,173.75,0.272576
2023-05-10,173.56,0.318403
2023-05-09,171.77,-0.0413519
2023-05-08,173.5,0.067547
2023-05-05,173.57,0.177162
2023-05-04,165.79,0.410386
2023-05-03,167.45,0.334845
2023-05-02,168.54,0.523213
2023-05-01,169.59,0.590659
2023-04-28,169.68,0.484724
2023-04-27,168.41,0.220754
2023-04-26,163.76,0.0707097
2023-04-25,163.77,-0.130948
2023-04-24,165.33,0.0154542
2023-04-21,165.02,0.220969
2023-04-20,166.65,0.149391
2023-04-19,167.63,0.107653
2023-04-18,166.47,0.247146
2023-04-17,165.23,0.129934
2023-04-14,165.21,0.0117429
2023-04-13,165.56,0.122804
2023-04-12,160.1,-0.0095205
2023-04-11,160.8,0.0371462
2023-04-10,162.03,-0.00218584
2023-04-06,164.66,-0.0127675
2023-04-05,163.76,0.135277
2023-04-04,165.63,0.271982
2023-04-03,166.17,0.231436
2023-03-31,164.9,0.367249
2023-03-30,162.36,0.219138
2023-03-29,160.77,-0.0326139
2023-03-28,157.65,0.00404817
2023-03-27,158.28,0.165883
2023-03-24,160.25,0.223772
2023-03-23,158.93,0.181645
2023-03-22,157.83,0.359772
2023-03-21,159.28,0.34828
2023-03-20,157.4,0.335517
2023-03-17,155,0.683614
2023-03-16,155.85,0.797022
2023-03-15,152.99,0.949413
2023-03-14,152.59,0.756998
2023-03-13,150.47,0.802431
2023-03-10,148.5,0.552566
2023-03-09,150.59,0.530412
2023-03-08,152.87,0.616316
2023-03-07,151.6,0.836192
2023-03-06,153.83,0.588302
2023-03-03,151.03,0.815701
2023-03-02,145.91,0.509232
2023-03-01,145.31,0.0667558
2023-02-28,147.41,-0.00680725
2023-02-27,147.92,-0.0319548
2023-02-24,146.71,0.193921
2023-02-23,149.4,0.087187
2023-02-22,148.91,0.0249735
2023-02-21,148.48,0.111067
2023-02-17,152.55,0.0853636
2023-02-16,153.71,0.00764241
2023-02-15,155.33,-0.0165171
2023-02-14,153.2,0.0452038
2023-02-13,153.85,0.121847
2023-02-10,151.01,0.120118
2023-02-09,150.87,0.11753
2023-02-08,151.92,0.159907
2023-02-07,154.65,0.107225
2023-02-06,151.73,0.118766
2023-02-03,154.5,0.134313
2023-02-02,150.82,0.00211543
2023-02-01,145.43,0.085989
2023-01-31,144.29,0.0860687
2023-01-30,143,0.295657
2023-01-27,145.93,0.304254
2023-01-26,143.96,0.180476
2023-01-25,141.86,0.373004
2023-01-24,142.53,0.482337
2023-01-23,141.11,0.532423
2023-01-20,137.87,0.772243
2023-01-19,135.27,0.586004
2023-01-18,135.21,0.605413
2023-01-17,135.94,0.773691
2023-01-13,134.76,0.918503
2023-01-12,133.41,1.20617
2023-01-11,133.49,1.15017
2023-01-10,130.73,1.01034
2023-01-09,130.15,0.864965
2023-01-06,129.62,0.843292
2023-01-05,125.02,0.751358
2023-01-04,126.36,0.797014
2023-01-03,125.07,0.893967
2022-12-30,129.93,0.899214
2022-12-29,129.61,0.872919
2022-12-28,126.04,0.827723
2022-12-27,130.03,0.550496
2022-12-23,131.86,0.657585
2022-12-22,132.23,0.802306
2022-12-21,135.45,0.897912
2022-12-20,132.3,0.822878
2022-12-19,132.37,0.706594
2022-12-16,134.51,0.86359
2022-12-15,136.5,0.823672
2022-12-14,143.21,0.687517
2022-12-13,145.47,0.755012
2022-12-12,144.49,0.611828
2022-12-09,142.16,0.698071
2022-12-08,142.65,0.466956
2022-12-07,140.94,-0.242236
2022-12-06,142.91,0.0605548
2022-12-05,146.63,0.0658029
2022-12-02,147.81,0.0909026
2022-12-01,148.31,0.15755
2022-11-30,148.03,0.471324
2022-11-29,141.17,0.741412
2022-11-28,144.22,0.834214
2022-11-25,148.11,0.894469
2022-11-23,151.07,0.412844
2022-11-22,150.18,0.6209
2022-11-21,148.01,0.746865
2022-11-18,151.29,0.614971
2022-11-17,150.72,0.52801
2022-11-16,148.79,0.36938
2022-11-15,150.04,0.401635
2022-11-14,148.28,0.409941
2022-11-11,149.7,0.36237
2022-11-10,146.87,0.210208
2022-11-09,134.87,0.425003
2022-11-08,139.5,0.194869
2022-11-07,138.92,0.227533
2022-11-04,138.38,0.288409
2022-11-03,138.88,0.264579
2022-11-02,145.03,0.506483
2022-11-01,150.65,0.551562
2022-10-31,153.34,0.54936
2022-10-28,155.74,0.38079
2022-10-27,144.8,0.147674
2022-10-26,149.35,0.42827
2022-10-25,152.34,0.892667
2022-10-24,149.45,1.02414
2022-10-21,147.27,0.943958
2022-10-20,143.39,0.893482
2022-10-19,143.86,0.956968
2022-10-18,143.75,0.941888
2022-10-17,142.41,1.00316
2022-10-14,138.38,0.853061
2022-10-13,142.99,0.674614
2022-10-12,138.34,0.724083
2022-10-11,138.98,0.819359
2022-10-10,140.42,0.733409
2022-10-07,140.09,1.06411
2022-10-06,145.43,0.787044
2022-10-05,146.4,0.643585
2022-10-04,146.1,0.689115
2022-10-03,142.45,0.609847
2022-09-30,138.2,0.648317
2022-09-29,142.48,0.761103
2022-09-28,149.84,0.716384
2022-09-27,151.76,0.818856
2022-09-26,150.77,0.948373
2022-09-23,150.43,1.02564
2022-09-22,152.74,1.22349
2022-09-21,153.72,0.995748
2022-09-20,156.9,0.919377
2022-09-19,154.48,0.884628
2022-09-16,150.7,0.978544
2022-09-15,152.37,1.00724
2022-09-14,155.31,0.957489
2022-09-13,153.84,0.858054
2022-09-12,163.43,0.829043
2022-09-09,157.37,0.766368
2022-09-08,154.46,0.624491
2022-09-07,155.96,0.631818
2022-09-06,154.53,0.451501
2022-09-02,155.81,0.422075
2022-09-01,157.96,0.413999
2022-08-31,157.22,0.409825
2022-08-30,158.91,0.389269
2022-08-29,161.38,0.00639337
2022-08-26,163.62,0.0971986
2022-08-25,170.03,0.167788
2022-08-24,167.53,-0.0327447
2022-08-23,167.23,0.020486
2022-08-22,167.57,-0.0832484
2022-08-19,171.52,0.0455731
2022-08-18,174.15,0.133561
2022-08-17,174.55,0.207122
2022-08-16,173.03,0.156218
2022-08-15,173.19,0.120464
2022-08-12,172.1,0.0309228
2022-08-11,168.49,0.170065
2022-08-10,169.24,0.143132
2022-08-09,164.92,0.0748338
2022-08-08,164.87,0.131738
2022-08-05,165.35,0.135325
2022-08-04,165.81,0.239022
2022-08-03,166.13,0.232777
2022-08-02,160.01,0.112158
2022-08-01,161.51,0.0983197
2022-07-29,162.51,0.0333036
2022-07-28,157.35,-0.0187405
2022-07-27,156.79,0.129351
2022-07-26,151.6,0.0907891
2022-07-25,152.95,0.302474
2022-07-22,154.09,0.322824
2022-07-21,155.35,0.191379
2022-07-20,153.04,0.0793451
2022-07-19,151,0.132905
2022-07-18,147.07,-0.0210547
2022-07-15,150.17,-0.00601265
2022-07-14,148.47,0.263592
2022-07-13,145.49,0.16292
2022-07-12,145.86,0.156888
2022-07-11,144.87,0.436716
2022-07-08,147.04,0.738592
2022-07-07,146.35,1.01337
2022-07-06,142.92,1.022
2022-07-05,141.56,0.86943
2022-07-01,138.93,0.812427
2022-06-30,136.72,0.996555
2022-06-29,139.23,0.849204
2022-06-28,137.44,0.820512
2022-06-27,141.66,0.815456
2022-06-24,141.66,0.596185
2022-06-23,138.27,0.479089
2022-06-22,135.35,0.469294
2022-06-21,135.87,0.557037
2022-06-17,131.56,0.345975
2022-06-16,130.06,0.316865
2022-06-15,135.43,0.426187
2022-06-14,132.76,0.769141
2022-06-13,131.88,0.583917
2022-06-10,137.13,0.645166
2022-06-09,142.64,0.357107
2022-06-08,147.96,0.590265
2022-06-07,148.71,1.01043
2022-06-06,146.14,0.849938
2022-06-03,145.38,1.02613
2022-06-02,151.21,0.935844
2022-06-01,148.71,1.15344
2022-05-31,148.84,0.879775
2022-05-27,149.64,0.802416
2022-05-26,143.78,0.771278
2022-05-25,140.52,0.899148
2022-05-24,140.36,0.675181
2022-05-23,143.11,0.662345
2022-05-20,137.59,0.811425
2022-05-19,137.35,0.758167
2022-05-18,140.82,0.881173
2022-05-17,149.24,0.879901
2022-05-16,145.54,0.845085
2022-05-13,147.11,0.743361
2022-05-12,142.56,0.729841
2022-05-11,146.5,0.91788
2022-05-10,154.51,0.795333
2022-05-09,152.06,0.681169
2022-05-06,157.28,0.880342
2022-05-05,156.77,0.93312
2022-05-04,166.02,0.876676
2022-05-03,159.48,0.971272
2022-05-02,157.96,1.02803
2022-04-29,157.65,0.820068
2022-04-28,163.64,0.805201
2022-04-27,156.57,0.890804
2022-04-26,156.8,0.908847
2022-04-25,162.88,0.751222
2022-04-22,161.79,0.687941
2022-04-21,166.42,0.635949
2022-04-20,167.23,0.406204
2022-04-19,167.4,0.318143
2022-04-18,165.07,0.132708
2022-04-14,165.29,0.0647378
2022-04-13,170.4,-0.0563503
2022-04-12,167.66,-0.0134632
2022-04-11,165.75,-0.0857101
2022-04-08,170.09,-0.111045
2022-04-07,172.14,0.0809058
2022-04-06,171.83,0.222143
2022-04-05,175.06,0.363257
2022-04-04,178.44,0.2332
2022-04-01,174.31,0.307181
2022-03-31,174.61,0.435635
2022-03-30,177.77,0.54177
2022-03-29,178.96,0.574568
2022-03-28,175.6,0.487291
2022-03-25,174.72,0.586111
2022-03-24,174.07,0.605556
2022-03-23,170.21,0.540517
2022-03-22,168.82,0.42275
2022-03-21,165.38,0.684699
2022-03-18,163.98,0.847259
2022-03-17,160.62,0.899274
2022-03-16,159.59,1.00346
2022-03-15,155.09,0.94408
2022-03-14,150.62,0.745617
2022-03-11,154.73,0.725052
2022-03-10,158.52,0.886299
2022-03-09,162.95,1.03216
2022-03-08,157.44,0.899826
2022-03-07,159.3,0.724179
2022-03-04,163.17,0.742951
2022-03-03,166.23,0.746403
2022-03-02,166.56,0.867994
2022-03-01,163.2,0.772273
2022-02-28,165.12,0.755912
2022-02-25,164.85,0.499551
2022-02-24,162.74,-0.0483855
2022-02-23,160.07,0.00929448
2022-02-22,164.32,0.0168878
2022-02-18,167.3,0.123777
2022-02-17,168.88,0.184012
2022-02-16,172.55,0.291076
2022-02-15,172.79,0.37974
2022-02-14,168.88,0.543141
2022-02-11,168.64,0.676342
2022-02-10,172.12,0.629218
2022-02-09,176.28,0.760794
2022-02-08,174.83,0.746961
2022-02-07,171.66,0.63082
2022-02-04,172.39,0.628565
2022-02-03,172.9,0.622229
2022-02-02,175.84,0.741737
2022-02-01,174.61,0.919389
2022-01-31,174.78,0.960911
2022-01-28,170.33,0.781574
2022-01-27,159.22,0.780598
2022-01-26,159.69,0.796841
2022-01-25,159.78,0.771581
2022-01-24,161.62,0.79414
2022-01-21,162.41,0.601846
2022-01-20,164.51,0.54635
2022-01-19,166.23,0.355479
2022-01-18,169.8,0.0988082
2022-01-14,173.07,0.18409
2022-01-13,172.19,0.270918
2022-01-12,175.53,0.752804
2022-01-11,175.08,0.399929
2022-01-10,172.19,0.498602
2022-01-07,172.17,0.739526
2022-01-06,172,0.375395
2022-01-05,174.92,0.398625
2022-01-04,179.7,0.133205
2022-01-03,182.01,-0.124953
2021-12-31,177.57,-0.162964
2021-12-30,178.2,0.0219505
2021-12-29,179.38,0.11994
2021-12-28,179.29,0.179294
2021-12-27,180.33,0.0251198
2021-12-23,176.28,-0.0305432
2021-12-22,175.64,0.203911
2021-12-21,172.99,0.21431
2021-12-20,169.75,0.228195
2021-12-17,171.14,0.235604
2021-12-16,172.26,0.175374
2021-12-15,179.3,0.0829998
2021-12-14,174.33,0.0514325
2021-12-13,175.74,0.0757082
2021-12-10,179.45,0.116109
2021-12-09,174.56,0.0758704
2021-12-08,175.08,0.110457
2021-12-07,171.18,0.222643
2021-12-06,165.32,0.226451
2021-12-03,161.84,0.283262
2021-12-02,163.76,0.291887
2021-12-01,164.77,0.334207
2021-11-30,165.3,0.289564
2021-11-29,160.24,0.256176
2021-11-26,156.81,0.319799
2021-11-24,161.94,0.478372
2021-11-23,161.41,0.294218
2021-11-22,161.02,0.338347
2021-11-19,160.55,0.300339
2021-11-18,157.87,0.295455
2021-11-17,153.49,0.395277
2021-11-16,151,0.373954
2021-11-15,150,0.292352
2021-11-12,149.99,-0.0475687
2021-11-11,147.87,-0.150932
2021-11-10,147.92,-0.14113
2021-11-09,150.81,-0.215389
2021-11-08,150.44,-0.0438753
2021-11-05,151.28,0.112656
2021-11-04,150.96,0.159293
2021-11-03,151.49,0.218301
2021-11-02,150.02,0.160252
2021-11-01,148.96,0.139358
2021-10-29,149.8,0.0660341
2021-10-28,152.57,0.318336
2021-10-27,148.85,0.258476
2021-10-26,149.32,0.373961
2021-10-25,148.64,0.324504
2021-10-22,148.69,0.617167
2021-10-21,149.48,0.763939
2021-10-20,149.26,0.788326
2021-10-19,148.76,0.735709
2021-10-18,146.55,0.514801
2021-10-15,144.84,0.476489
2021-10-14,143.76,0.852715
2021-10-13,140.91,1.06345
2021-10-12,141.51,1.0002
2021-10-11,142.81,0.866311
2021-10-08,142.9,0.932318
2021-10-07,143.29,0.841334
2021-10-06,142,1.10116
2021-10-05,141.11,1.05334
2021-10-04,139.14,1.04273
2021-10-01,142.65,0.876367
2021-09-30,141.5,0.806751
2021-09-29,142.83,0.721676
2021-09-28,141.91,0.662906
2021-09-27,145.37,0.719828
2021-09-24,146.92,0.420334
2021-09-23,146.83,0.348162
2021-09-22,145.85,0.395772
2021-09-21,143.43,0.466034
2021-09-20,142.94,0.445651
2021-09-17,146.06,0.28298
2021-09-16,148.79,0.144938
2021-09-15,149.03,0.142015
2021-09-14,148.12,0.460104
2021-09-13,149.55,0.52691
2021-09-10,148.97,0.354374
2021-09-09,154.07,0.336735
2021-09-08,155.11,0.121965
2021-09-07,156.69,0.135709
2021-09-03,154.3,0.186577
2021-09-02,153.65,0.211562
2021-09-01,152.51,0.323486
2021-08-31,151.83,0.330087
2021-08-30,153.12,0.399453
2021-08-27,148.6,0.154302
2021-08-26,147.54,0.234537
2021-08-25,148.36,0.224793
2021-08-24,149.62,0.167198
2021-08-23,149.71,0.436209
2021-08-20,148.19,0.774912
2021-08-19,146.7,0.705567
2021-08-18,146.36,0.441263
2021-08-17,150.19,0.244296
2021-08-16,151.12,0.373554
2021-08-13,149.1,-0.154901
2021-08-12,148.89,0.502971
2021-08-11,145.86,0.880727
2021-08-10,145.6,0.933686
2021-08-09,146.09,0.355105
2021-08-06,146.14,0.192625
2021-08-05,147.06,0.300688
2021-08-04,146.95,0.0736278
2021-08-03,147.36,0.285739
2021-08-02,145.52,0.0116145
2021-07-30,145.86,-0.0997794
2021-07-29,145.64,-0.167023
2021-07-28,144.98,-0.0626763
2021-07-27,146.77,-0.0100782
2021-07-26,148.99,-0.0105696
2021-07-23,148.56,-0.0154268
2021-07-22,146.8,0.0620683
2021-07-21,145.4,0.124596
2021-07-20,146.15,0.175926
2021-07-19,142.45,0.140622
2021-07-16,146.39,0.10976
2021-07-15,148.48,0.198751
2021-07-14,149.15,0.159177
2021-07-13,145.64,0.158881
2021-07-12,144.5,0.222305
2021-07-09,145.11,0.109641
2021-07-08,143.24,0.0838763
2021-07-07,144.57,0.162144
2021-07-06,142.02,0.152092
2021-07-02,139.96,0.120833
2021-07-01,137.27,0.141323
2021-06-30,136.96,0.0382492
2021-06-29,136.33,0.167135
2021-06-28,134.78,0.14306
2021-06-25,133.11,0.194361
2021-06-24,133.41,0.267319
2021-06-23,133.7,0.40378
2021-06-22,133.98,0.42858
2021-06-21,132.3,0.472137
2021-06-18,130.46,0.322071
2021-06-17,131.79,0.551174
2021-06-16,130.15,0.250913
2021-06-15,129.64,0.2895
2021-06-14,130.48,0.53065
2021-06-11,127.35,0.832109
2021-06-10,126.11,0.308841
2021-06-09,127.13,-0.0586357
2021-06-08,126.74,0.564205
2021-06-07,125.9,0.750637
2021-06-04,125.89,1.18476
2021-06-03,123.54,1.01314
2021-06-02,125.06,0.762025
2021-06-01,124.28,0.706018
2021-05-28,124.61,1.16132
2021-05-27,125.28,0.963033
2021-05-26,126.85,1.05552
2021-05-25,126.9,0.979771
2021-05-24,127.1,0.967719
2021-05-21,125.43,0.927949
2021-05-20,127.31,0.856042
2021-05-19,124.69,0.677519
2021-05-18,124.85,0.756474
2021-05-17,126.27,0.707952
2021-05-14,127.45,0.797789
2021-05-13,124.97,0.726392
2021-05-12,122.77,0.729374
2021-05-11,125.91,0.515371
2021-05-10,126.85,0.720747
2021-05-07,130.21,0.349267
2021-05-06,129.74,0.543409
2021-05-05,128.1,0.209686
2021-05-04,127.85,-0.0903406
2021-05-03,132.54,-0.213228
2021-04-30,131.46,-0.0953315
2021-04-29,133.48,-0.159965
2021-04-28,133.58,-0.0802748
2021-04-27,134.39,-0.0807221
2021-04-26,134.72,0.0661211
2021-04-23,134.32,0.108674
2021-04-22,131.94,0.125814
2021-04-21,133.5,0.146419
2021-04-20,133.11,0.279606
2021-04-19,134.84,0.337083
2021-04-16,134.16,0.208963
2021-04-15,134.5,0.257419
2021-04-14,132.03,0.48564
2021-04-13,134.43,0.548658
2021-04-12,131.24,0.487237
2021-04-09,133,0.312321
2021-04-08,130.36,0.39661
2021-04-07,127.9,0.22064
2021-04-06,126.21,0.355296
2021-04-05,125.9,-0.115414
2021-04-01,123,0.483995
2021-03-31,122.15,0.33898
2021-03-30,119.9,0.583644
2021-03-29,121.39,0.911672
2021-03-26,121.21,1.08391
2021-03-25,120.59,0.427366
2021-03-24,120.09,0.397813
2021-03-23,122.54,0.803767
2021-03-22,123.39,0.822609
2021-03-19,119.99,0.811106
2021-03-18,120.53,1.04617
2021-03-17,124.76,0.958455
2021-03-16,125.57,0.97037
2021-03-15,123.99,1.02948
2021-03-12,121.03,1.04177
2021-03-11,121.96,0.955379
2021-03-10,119.98,0.908876
2021-03-09,121.09,0.887029
2021-03-08,116.36,0.877508
2021-03-05,121.42,0.845889
2021-03-04,120.13,0.836621
2021-03-03,122.06,0.66888
2021-03-02,125.12,0.696214
2021-03-01,127.79,0.637326
2021-02-26,121.26,0.520252
2021-02-25,120.99,0.759803
2021-02-24,125.35,1.01019
2021-02-23,125.86,1.01221
2021-02-22,126,0.955893
2021-02-19,129.87,0.716053
2021-02-18,129.71,0.551181
2021-02-17,130.84,0.18539
2021-02-16,133.19,-0.0662383
2021-02-12,135.37,-0.0275754
2021-02-11,135.13,0.124245
2021-02-10,135.39,0.255842
2021-02-09,136.01,0.173489
2021-02-08,136.91,0.211955
2021-02-05,136.76,0.381989
2021-02-04,137.39,0.339688
2021-02-03,133.94,0.159962
2021-02-02,134.99,0.384574
2021-02-01,134.14,0.321941
2021-01-29,131.96,0.48405
2021-01-28,137.09,0.529671
2021-01-27,142.06,0.591885
2021-01-26,143.16,0.708879
2021-01-25,142.92,0.487879
2021-01-22,139.07,0.453334
2021-01-21,136.87,0.56004
2021-01-20,132.03,0.248427
2021-01-19,127.83,0.139098
2021-01-15,127.14,0.323767
2021-01-14,128.91,0.231933
2021-01-13,130.89,0.247819
2021-01-12,128.8,-0.138803
2021-01-11,128.98,-0.00372481
2021-01-08,132.05,0.101868
2021-01-07,130.92,0.0731692
2021-01-06,126.6,0.252356
2021-01-05,131.01,0.230927
2021-01-04,129.41,0.182222
2020-12-31,132.69,0.244441
2020-12-30,133.72,0.275598
2020-12-29,134.87,0.278678
2020-12-28,136.69,0.108341
2020-12-24,131.97,-0.00883986
2020-12-23,130.96,0.017168
2020-12-22,131.88,0.0265715
2020-12-21,128.23,0.00226881
2020-12-18,126.66,0.231602
2020-12-17,128.7,0.328547
2020-12-16,127.81,0.31061
2020-12-15,127.88,0.419789
2020-12-14,121.78,0.513344
2020-12-11,122.41,0.43861
2020-12-10,123.24,0.446805
2020-12-09,121.78,0.485159
2020-12-08,124.38,0.213568
2020-12-07,123.75,0.263874
2020-12-04,122.25,0.497482
2020-12-03,122.94,0.548409
2020-12-02,123.08,0.159723
2020-12-01,122.72,-0.173632
2020-11-30,119.05,-0.174892
2020-11-27,116.59,-0.0480045
2020-11-25,116.03,0.431554
2020-11-24,115.17,0.164166
2020-11-23,113.85,0.536118
2020-11-20,117.34,0.42304
2020-11-19,118.64,0.430367
2020-11-18,118.03,0.490454
2020-11-17,119.39,0.575258
2020-11-16,120.3,0.630904
2020-11-13,119.26,0.535923
2020-11-12,119.21,0.773098
2020-11-11,119.49,0.886357
2020-11-10,115.97,0.901738
2020-11-09,116.32,0.855967
2020-11-06,118.69,0.994664
2020-11-05,119.03,0.545199
2020-11-04,114.95,0.433525
2020-11-03,110.44,0.43996
2020-11-02,108.77,0.304284
2020-10-30,108.86,0.495375
2020-10-29,115.32,0.197042
2020-10-28,111.2,0.495492
2020-10-27,116.6,0.387267
2020-10-26,115.05,0.25179
2020-10-23,115.04,0.327853
2020-10-22,115.75,0.126918
2020-10-21,116.87,-0.0761356
2020-10-20,117.51,-0.0384624
2020-10-19,115.98,0.269549
2020-10-16,119.02,0.196133
2020-10-15,120.71,0.0731789
2020-10-14,121.19,0.284459
2020-10-13,121.1,0.402633
2020-10-12,124.4,0.629505
2020-10-09,116.97,0.687497
2020-10-08,114.97,0.43171
2020-10-07,115.08,0.565205
2020-10-06,113.16,0.868347
2020-10-05,116.5,0.499506
2020-10-02,113.02,1.07547
2020-10-01,116.79,0.984619
2020-09-30,115.81,1.28958
2020-09-29,114.09,1.18321
2020-09-28,114.96,0.933696
2020-09-25,112.28,0.769893
2020-09-24,108.22,0.750956
2020-09-23,107.12,0.769802
2020-09-22,111.81,0.695613
2020-09-21,110.08,0.706967
2020-09-18,106.84,0.640062
2020-09-17,110.34,0.409282
2020-09-16,112.13,0.296184
2020-09-15,115.54,0.277426
2020-09-14,115.36,0.243356
2020-09-11,112,0.256824
2020-09-10,113.49,0.247694
2020-09-09,117.32,0.169792
2020-09-08,112.82,0.0724785
2020-09-04,120.96,0.197735
2020-09-03,120.88,0.171927
2020-09-02,131.4,0.287425
2020-09-01,134.18,0.182571
2020-08-31,129.04,0.182155
2020-08-28,124.808,0.178496
2020-08-27,125.01,0.113087
2020-08-26,126.522,-0.137103
2020-08-25,124.825,-0.0746975
2020-08-24,125.858,-0.040777
2020-08-21,124.37,0.0537925
2020-08-20,118.275,0.0392451
2020-08-19,115.707,0.0973843
2020-08-18,115.562,0.251414
2020-08-17,114.608,0.267818
2020-08-14,114.907,0.327546
2020-08-13,115.01,0.288986
2020-08-12,113.01,0.315387
2020-08-11,109.375,0.372894
2020-08-10,112.728,0.36814
2020-08-07,111.112,0.333118
2020-08-06,113.903,0.36864
2020-08-05,110.062,0.380293
2020-08-04,109.665,0.380276
2020-08-03,108.938,0.271072
2020-07-31,106.26,0.277017
2020-07-30,96.19,-0.053948
2020-07-29,95.04,0.0281688
2020-07-28,93.2525,0.101185
2020-07-27,94.81,0.0663665
2020-07-24,92.615,-0.0323028
2020-07-23,92.845,0.230885
2020-07-22,97.2725,0.154782
2020-07-21,97,0.311144
2020-07-20,98.3575,0.183456
2020-07-17,96.3275,0.0462945
2020-07-16,96.5225,0.13215
2020-07-15,97.725,0.165349
2020-07-14,97.0575,0.198177
2020-07-13,95.4775,0.0523204
2020-07-10,95.92,0.0287716
2020-07-09,95.7525,0.0260089
2020-07-08,95.3425,0.384008
2020-07-07,93.1725,0.206099
2020-07-06,93.4625,0.0192553
2020-07-02,91.0275,0.0275623
2020-07-01,91.0275,-0.0616653
2020-06-30,91.2,0.0590281
2020-06-29,90.445,0.0798351
2020-06-26,88.4075,0.103027
2020-06-25,91.21,0.0916606
2020-06-24,90.015,0.134275
2020-06-23,91.6325,0.166672
2020-06-22,89.7175,0.165739
2020-06-19,87.43,0.227362
2020-06-18,87.9325,0.217909
2020-06-17,87.8975,0.284469
2020-06-16,88.02,0.189314
2020-06-15,85.7475,0.24402
2020-06-12,84.7,0.120726
2020-06-11,83.975,0.193612
2020-06-10,88.21,0.184997
2020-06-09,85.9975,0.265493
2020-06-08,83.365,0.383518
2020-06-05,82.875,0.212688
2020-06-04,80.58,-0.0249837
2020-06-03,81.28,-0.0512118
2020-06-02,80.835,-0.0710742
2020-06-01,80.4625,-0.101267
2020-05-29,79.485,-0.0979768
2020-05-28,79.5625,0.0936958
2020-05-27,79.5275,0.0126149
2020-05-26,79.1825,-0.081817
2020-05-22,79.7225,0.0782669
2020-05-21,79.2125,0.11938
2020-05-20,79.8075,0.0310767
2020-05-19,78.285,0.0972044
2020-05-18,78.74,0.0268944
2020-05-15,76.9275,0.206187
2020-05-14,77.385,0.330344
2020-05-13,76.9125,0.418214
2020-05-12,77.8525,0.393474
2020-05-11,78.7525,0.466055
2020-05-08,77.5325,0.184423
2020-05-07,75.935,0.0803758
2020-05-06,75.1575,0.0674719
2020-05-05,74.39,-0.0346227
2020-05-04,73.29,0.0840909
2020-05-01,72.2675,-0.21311
2020-04-30,73.45,-0.0349334
2020-04-29,71.9325,-0.022056
2020-04-28,69.645,0.235274
2020-04-27,70.7925,0.267802
2020-04-24,70.7425,0.18309
2020-04-23,68.7575,0.379504
2020-04-22,69.025,0.192353
2020-04-21,67.0925,0.242292
2020-04-20,69.2325,-0.022013
2020-04-17,70.7,0.102213
2020-04-16,71.6725,0.337381
2020-04-15,71.1075,0.384206
2020-04-14,71.7625,0.507077
2020-04-13,68.3125,0.333573
2020-04-09,66.9975,1.05002
2020-04-08,66.5175,0.474013
2020-04-07,64.8575,1.00389
2020-04-06,65.6175,1.07954
2020-04-03,60.3525,0.748002
2020-04-02,61.2325,1.0251
2020-04-01,60.2275,0.991982
2020-03-31,63.5725,1.02064
2020-03-30,63.7025,0.82404
2020-03-27,61.935,0.882447
2020-03-26,64.61,0.595847
2020-03-25,61.38,0.589273
2020-03-24,61.72,0.767646
2020-03-23,56.0925,0.697615
2020-03-20,57.31,0.787305
2020-03-19,61.195,0.927994
2020-03-18,61.6675,0.957647
2020-03-17,63.215,0.944411
2020-03-16,60.5525,0.855044
2020-03-13,69.4925,0.902181
2020-03-12,62.0575,0.85656
2020-03-11,68.8575,0.869313
2020-03-10,71.335,0.745055
2020-03-09,66.5425,0.745026
2020-03-06,72.2575,0.707709
2020-03-05,73.23,0.75548
2020-03-04,75.685,0.681718
2020-03-03,72.33,0.631968
2020-03-02,74.7025,0.470313
2020-02-28,68.34,0.474689
2020-02-27,68.38,0.678288
2020-02-26,73.1625,0.683517
2020-02-25,72.02,0.504921
2020-02-24,74.545,0.165648
2020-02-21,78.2625,0.44309
2020-02-20,80.075,0.469975
2020-02-19,80.905,0.403613
2020-02-18,79.75,0.36577
2020-02-14,81.2375,0.469695
2020-02-13,81.2175,0.322996
2020-02-12,81.8,0.169841
2020-02-11,79.9025,0.254988
2020-02-10,80.3875,0.480313
2020-02-07,80.0075,0.177218
2020-02-06,81.3025,0.179321
2020-02-05,80.3625,-0.045828
2020-02-04,79.7125,-0.111122
2020-02-03,77.165,0.0257849
2020-01-31,77.3775,0.0128391
2020-01-30,80.9675,0.141684
2020-01-29,81.085,0.00990485
2020-01-28,79.4225,0.0144289
2020-01-27,77.2375,0.0397159
2020-01-24,79.5775,0.0976712
2020-01-23,79.8075,0.0339843
2020-01-22,79.425,0.0817148
2020-01-21,79.1425,0.0467507
2020-01-17,79.6825,0.106647
2020-01-16,78.81,0.136506
2020-01-15,77.835,0.181203
2020-01-14,78.17,0.200163
2020-01-13,79.24,0.13654
2020-01-10,77.5825,0.0840358
2020-01-09,77.4075,0.102566
2020-01-08,75.7975,0.0810254
2020-01-07,74.5975,0.0865738
2020-01-06,74.95,0.20685
2020-01-03,74.3575,0.11771
2020-01-02,75.0875,0.0704003
2019-12-31,73.4125,0.0485711
2019-12-30,72.88,0.194399
2019-12-27,72.45,0.29623
2019-12-26,72.4775,0.331933
2019-12-24,71.0675,0.240188
2019-12-23,71,0.329078
2019-12-20,69.86,0.189311
2019-12-19,70.005,0.224648
2019-12-18,69.935,0.290001
2019-12-17,70.1025,0.437478
2019-12-16,69.965,0.504206
2019-12-13,68.7875,0.462856
2019-12-12,67.865,0.262858
2019-12-11,67.6925,0.42593
2019-12-10,67.12,0.232115
2019-12-09,66.73,0.276971
2019-12-06,67.6775,0.131248
2019-12-05,66.395,0.0831328
2019-12-04,65.435,-0.0252404
2019-12-03,64.8625,0.0317148
2019-12-02,66.04,0.0866937
2019-11-29,66.8125,0.0372162
2019-11-27,66.96,-0.207088
2019-11-26,66.0725,-0.234028
2019-11-25,66.5925,-0.0865933
2019-11-22,65.445,0.163182
2019-11-21,65.5025,0.124093
2019-11-20,65.7975,0.0838364
2019-11-19,66.5725,0.120978
2019-11-18,66.775,0.0793266
2019-11-15,66.44,0.13377
2019-11-14,65.66,0.068337
2019-11-13,66.1175,0.0893241
2019-11-12,65.49,0.106421
2019-11-11,65.55,0.165948
2019-11-08,65.035,0.206643
2019-11-07,64.8575,0.239578
2019-11-06,64.31,0.0960134
2019-11-05,64.2825,0.0548847
2019-11-04,64.375,0.0293735
2019-11-01,63.955,0.130988
2019-10-31,62.19,0.146779
2019-10-30,60.815,0.00670482
2019-10-29,60.8225,0.0255742
2019-10-28,62.2625,0.224108
2019-10-25,61.645,0.226223
2019-10-24,60.895,0.0986993
2019-10-23,60.795,0.164091
2019-10-22,59.99,0.223999
2019-10-21,60.1275,0.141435
2019-10-18,59.1025,0.200928
2019-10-17,58.82,0.193198
2019-10-16,58.5925,0.336603
2019-10-15,58.83,0.428398
2019-10-14,58.9675,0.358836
2019-10-11,59.0525,0.336279
2019-10-10,57.5225,0.267029
2019-10-09,56.7575,0.615125
2019-10-08,56.1,0.683749
2019-10-07,56.765,0.119903
2019-10-04,56.7525,-0.0336126
2019-10-03,55.205,-0.0517972
2019-10-02,54.74,0.0307435
2019-10-01,56.1475,-0.114757
2019-09-30,55.9925,-0.155397
2019-09-27,54.705,0.0657804
2019-09-26,54.9725,0.127448
2019-09-25,55.2575,0.0376517
2019-09-24,54.42,0.0487155
2019-09-23,54.68,0.180271
2019-09-20,54.4325,0.0885229
2019-09-19,55.24,0.459382
2019-09-18,55.6925,0.480885
2019-09-17,55.175,0.412331
2019-09-16,54.975,0.42974
2019-09-13,54.6875,0.287952
2019-09-12,55.7725,0.122809
2019-09-11,55.8975,0.180316
2019-09-10,54.175,0.514406
2019-09-09,53.5425,0.0438486
2019-09-06,53.315,0.115686
2019-09-05,53.32,0.286776
2019-09-04,52.2975,0.0572098
2019-09-03,51.425,0.0146965
2019-08-30,52.185,-0.0645885
2019-08-29,52.2525,0.471309
2019-08-28,51.3825,0.693731
2019-08-27,51.04,0.880813
2019-08-26,51.6225,0.667709
2019-08-23,50.66,0.699048
2019-08-22,53.115,0.59879
2019-08-21,53.16,0.581503
2019-08-20,52.59,0.676995
2019-08-19,52.5875,0.691883
2019-08-16,51.625,0.620963
2019-08-15,50.435,0.391554
2019-08-14,50.6875,0.540446
2019-08-13,52.2425,0.418206
2019-08-12,50.12,0.48982
2019-08-09,50.2475,0.515385
2019-08-08,50.8575,0.403564
2019-08-07,49.76,0.324189
2019-08-06,49.25,0.389331
2019-08-05,48.335,0.245683
2019-08-02,51.005,0.0636237
2019-08-01,52.1075,0.385255
2019-07-31,53.26,0.41318
2019-07-30,52.195,0.293238
2019-07-29,52.42,0.214337
2019-07-26,51.935,-0.0427386
2019-07-25,51.755,0.155572
2019-07-24,52.1675,0.193508
2019-07-23,52.21,-0.0812337
2019-07-22,51.805,0.184187
2019-07-19,50.6475,0.223032
2019-07-18,51.415,0.304786
2019-07-17,50.8375,0.18569
2019-07-16,51.125,0.265624
2019-07-15,51.3025,-0.058051
2019-07-12,50.825,-0.0596689
2019-07-11,50.4375,0.103789
2019-07-10,50.8075,0.149966
2019-07-09,50.31,0.223786
2019-07-08,50.005,0.10981
2019-07-05,51.0575,0.0219043
2019-07-03,51.1025,-0.143978
2019-07-02,50.6825,-0.145657
2019-07-01,50.3875,-0.131707
2019-06-28,49.48,-0.183926
2019-06-27,49.935,-0.0188782
2019-06-26,49.95,0.127979
2019-06-25,48.8925,0.143031
2019-06-24,49.645,0.201039
2019-06-21,49.695,0.248265
2019-06-20,49.865,0.290202
2019-06-19,49.4675,0.400389
2019-06-18,49.6125,0.538392
2019-06-17,48.4725,0.443774
2019-06-14,48.185,0.669495
2019-06-13,48.5375,0.718935
2019-06-12,48.5475,0.765062
2019-06-11,48.7025,0.697852
2019-06-10,48.145,0.60456
2019-06-07,47.5375,1.06367
2019-06-06,46.305,1.09564
2019-06-05,45.635,1.05355
2019-06-04,44.91,0.970878
2019-06-03,43.325,1.02296
2019-05-31,43.7675,1.01775
2019-05-30,44.575,0.907134
2019-05-29,44.345,0.889189
2019-05-28,44.5575,0.654211
2019-05-24,44.7425,0.721627
2019-05-23,44.915,0.693879
2019-05-22,45.695,0.698416
2019-05-21,46.65,0.726599
2019-05-20,45.7725,0.713392
2019-05-17,47.25,0.60915
2019-05-16,47.52,0.568491
2019-05-15,47.73,0.523186
2019-05-14,47.165,0.356519
2019-05-13,46.43,0.310776
2019-05-10,49.295,0.171664
2019-05-09,50.18,0.159361
2019-05-08,50.725,0.268628
2019-05-07,50.715,0.216174
2019-05-06,52.12,0.267568
2019-05-03,52.9375,0.122868
2019-05-02,52.2875,0.0761094
2019-05-01,52.63,0.0961777
2019-04-30,50.1675,0.0433943
2019-04-29,51.1525,-0.0310554
2019-04-26,51.075,-0.00960816
2019-04-25,51.32,0.0119859
2019-04-24,51.79,0.0620678
2019-04-23,51.87,0.0422899
2019-04-22,51.1325,0.155092
2019-04-18,50.965,0.283195
2019-04-17,50.7825,0.500104
2019-04-16,49.8125,0.167565
2019-04-15,49.8075,0.126342
2019-04-12,49.7175,0.23183
2019-04-11,49.7375,0.168777
2019-04-10,50.155,0.0945747
2019-04-09,49.875,0.0421079
2019-04-08,50.025,0.050818
2019-04-05,49.25,-0.000244435
2019-04-04,48.9225,-0.145809
2019-04-03,48.8375,-0.0571573
2019-04-02,48.505,0.076172
2019-04-01,47.81,0.152799
2019-03-29,47.4875,0.198126
2019-03-28,47.18,0.197737
2019-03-27,47.1175,0.167892
2019-03-26,46.6975,0.256752
2019-03-25,47.185,0.261803
2019-03-22,47.7625,0.281275
2019-03-21,48.7725,0.256799
2019-03-20,47.04,0.186406
2019-03-19,46.6325,0.249645
2019-03-18,47.005,0.218623
2019-03-15,46.53,0.200206
2019-03-14,45.9325,0.227089
2019-03-13,45.4275,0.18978
2019-03-12,45.2275,0.253581
2019-03-11,44.725,0.113775
2019-03-08,43.2275,0.220918
2019-03-07,43.125,0.304157
2019-03-06,43.63,0.703732
2019-03-05,43.8825,0.6999
2019-03-04,43.9625,0.35531
2019-03-01,43.7425,-0.130724
2019-02-28,43.2875,-0.0424836
2019-02-27,43.7175,-0.0501274
2019-02-26,43.5825,-0.389591
2019-02-25,43.5575,-0.125362
2019-02-22,43.2425,0.0248322
2019-02-21,42.765,-0.0703509
2019-02-20,43.0075,0.0502456
2019-02-19,42.7325,0.0872728
2019-02-15,42.605,0.23431
2019-02-14,42.7,0.231118
2019-02-13,42.545,0.229975
2019-02-12,42.7225,0.202464
2019-02-11,42.3575,0.146858
2019-02-08,42.6025,0.244715
2019-02-07,42.735,0.312331
2019-02-06,43.56,0.317191
2019-02-05,43.545,0.248212
2019-02-04,42.8125,0.151275
2019-02-01,41.63,0.167733
2019-01-31,41.61,-0.059047
2019-01-30,41.3125,0.740443
2019-01-29,38.67,0.799413
2019-01-28,39.075,0.692952
2019-01-25,39.44,0.688533
2019-01-24,38.175,0.758883
2019-01-23,38.48,0.125042
2019-01-22,38.325,0.375443
2019-01-18,39.205,0.732708
2019-01-17,38.965,0.934936
2019-01-16,38.735,1.09138
2019-01-15,38.2675,0.930967
2019-01-14,37.5,0.93286
2019-01-11,38.0725,1.03914
2019-01-10,38.45,0.913123
2019-01-09,38.3275,0.854091
2019-01-08,37.6875,0.843061
2019-01-07,36.9825,0.77955
2019-01-04,37.065,0.91225
2019-01-03,35.5475,0.917412
2019-01-02,39.48,1.07622
2018-12-31,39.435,0.85871
2018-12-28,39.0575,0.842791
2018-12-27,39.0375,0.838613
2018-12-26,39.2925,0.653273
2018-12-24,36.7075,0.644384
2018-12-21,37.6825,0.559463
2018-12-20,39.2075,0.686528
2018-12-19,40.2225,0.678471
2018-12-18,41.5175,0.99294
2018-12-17,40.985,1.13879
2018-12-14,41.37,0.994307
2018-12-13,42.7375,0.810398
2018-12-12,42.275,0.932021
2018-12-11,42.1575,0.934573
2018-12-10,42.4,1.10971
2018-12-07,42.1225,1.08798
2018-12-06,43.68,1.03116
2018-12-04,44.1725,0.852455
2018-12-03,46.205,0.776091
2018-11-30,44.645,0.856983
2018-11-29,44.8875,1.04024
2018-11-28,45.235,0.919676
2018-11-27,43.56,0.794048
2018-11-26,43.655,0.751944
2018-11-23,43.0725,0.79373
2018-11-21,44.195,0.831295
2018-11-20,44.245,0.72594
2018-11-19,46.465,0.859481
2018-11-16,48.3825,0.791281
2018-11-15,47.8525,0.736884
2018-11-14,46.7,0.641705
2018-11-13,48.0575,0.759951
2018-11-12,48.5425,0.775824
2018-11-09,51.1175,0.604143
2018-11-08,52.1225,0.76274
2018-11-07,52.4875,0.443101
2018-11-06,50.9425,0.508933
2018-11-05,50.3975,0.925299
2018-11-02,51.87,0.798472
2018-11-01,55.555,0.823199
2018-10-31,54.715,0.991423
2018-10-30,53.325,1.08344
2018-10-29,53.06,0.898611
2018-10-26,54.075,0.778091
2018-10-25,54.95,0.680914
2018-10-24,53.7725,0.626978
2018-10-23,55.6825,0.373032
2018-10-22,55.1625,0.471029
2018-10-19,54.8275,0.394265
2018-10-18,54.005,0.232419
2018-10-17,55.2975,0.341789
2018-10-16,55.5375,0.261497
2018-10-15,54.34,0.270288
2018-10-12,55.5275,0.248031
2018-10-11,53.6125,0.565782
2018-10-10,54.09,0.685741
2018-10-09,56.7175,0.352035
2018-10-08,55.9425,0.534437
2018-10-05,56.0725,0.213204
2018-10-04,56.9975,0.403576
2018-10-03,58.0175,0.529279
2018-10-02,57.32,0.825817
2018-10-01,56.815,0.94863
2018-09-28,56.435,0.889666
2018-09-27,56.2375,0.702271
2018-09-26,55.105,0.557692
2018-09-25,55.5475,0.313555
2018-09-24,55.1975,0.20833
2018-09-21,54.415,0.12036
2018-09-20,55.0075,0.0983176
2018-09-19,54.5925,0.111273
2018-09-18,54.56,0.137249
2018-09-17,54.47,0.180463
2018-09-14,55.96,0.302483
2018-09-13,56.6025,0.113116
2018-09-12,55.2675,0.0223465
2018-09-11,55.9625,0.0647653
2018-09-10,54.5825,0.0838217
2018-09-07,55.325,0.0832158
2018-09-06,55.775,0.175357
2018-09-05,56.7175,0.15378
2018-09-04,57.09,0.178191
2018-08-31,56.9075,0.270277
2018-08-30,56.2575,0.236339
2018-08-29,55.745,0.220138
2018-08-28,54.925,-0.0402151
2018-08-27,54.485,-0.294251
2018-08-24,54.04,-0.137896
2018-08-23,53.8725,-0.00825073
2018-08-22,53.7625,0.13631
2018-08-21,53.76,0.188964
2018-08-20,53.865,0.171725
2018-08-17,54.395,0.166648
2018-08-16,53.33,0.187914
2018-08-15,52.56,0.227694
2018-08-14,52.4375,0.212035
2018-08-13,52.2175,0.268437
2018-08-10,51.8825,0.274649
2018-08-09,52.22,0.309295
2018-08-08,51.8125,0.319228
2018-08-07,51.7775,0.23291
2018-08-06,52.2675,0.341945
2018-08-03,51.9975,0.368089
2018-08-02,51.8475,0.246294
2018-08-01,50.375,0.0193086
2018-07-31,47.5725,-0.147208
2018-07-30,47.4775,0.202134
2018-07-27,47.745,0.0667515
2018-07-26,48.5525,0.144332
2018-07-25,48.705,0.0832635
2018-07-24,48.25,0.13538
2018-07-23,47.9025,0.0175805
2018-07-20,47.86,0.261327
2018-07-19,47.97,0.324713
2018-07-18,47.6,0.428197
2018-07-17,47.8625,0.375719
2018-07-16,47.7275,0.665936
2018-07-13,47.8325,0.693373
2018-07-12,47.7575,0.893954
2018-07-11,46.97,0.889785
2018-07-10,47.5875,0.975732
2018-07-09,47.645,0.868619
2018-07-06,46.9925,0.894303
2018-07-05,46.35,0.972066
2018-07-03,45.98,0.942488
2018-07-02,46.795,0.853008
2018-06-29,46.2775,0.727638
2018-06-28,46.375,0.601867
2018-06-27,46.04,0.357049
2018-06-26,46.1075,0.385197
2018-06-25,45.5425,0.397325
2018-06-22,46.23,0.413904
2018-06-21,46.365,0.349892
2018-06-20,46.625,0.346224
2018-06-19,46.4225,0.212462
2018-06-18,47.185,0.236622
2018-06-15,47.21,0.122911
2018-06-14,47.7,0.214323
2018-06-13,47.675,0.351746
2018-06-12,48.07,0.204239
2018-06-11,47.8075,0.392122
2018-06-08,47.925,0.450099
2018-06-07,48.365,0.61374
2018-06-06,48.495,0.34338
2018-06-05,48.3275,0.188668
2018-06-04,47.9575,0.0495387
2018-06-01,47.56,-0.122081
2018-05-31,46.7175,-0.442551
2018-05-30,46.875,-0.204769
2018-05-29,46.975,-0.301632
2018-05-25,47.145,-0.212301
2018-05-24,47.0375,-0.135417
2018-05-23,47.09,0.0118958
2018-05-22,46.79,0.0634487
2018-05-21,46.9075,0.100827
2018-05-18,46.5775,0.19179
2018-05-17,46.7475,0.231862
2018-05-16,47.045,0.413125
2018-05-15,46.61,0.547865
2018-05-14,47.0375,0.56983
2018-05-11,47.1475,0.525004
2018-05-10,47.51,0.515306
2018-05-09,46.84,0.523153
2018-05-08,46.5125,0.492964
2018-05-07,46.29,0.546158
2018-05-04,45.9575,0.45005
2018-05-03,44.2225,0.401011
2018-05-02,44.1425,0.623062
2018-05-01,42.275,0.580178
2018-04-30,41.315,0.418984
2018-04-27,40.58,0.326862
2018-04-26,41.055,0.360724
2018-04-25,40.9125,0.277627
2018-04-24,40.735,0.361003
2018-04-23,41.31,0.603845
2018-04-20,41.43,0.0975168
2018-04-19,43.2,0.333341
2018-04-18,44.46,0.502036
2018-04-17,44.56,0.795862
2018-04-16,43.955,0.834718
2018-04-13,43.6825,1.00577
2018-04-12,43.535,0.993959
2018-04-11,43.11,0.933833
2018-04-10,43.3125,0.959335
2018-04-09,42.5125,0.980873
2018-04-06,42.095,0.849435
2018-04-05,43.2,0.682097
2018-04-04,42.9025,0.583218
2018-04-03,42.0975,0.649726
2018-04-02,41.67,0.639211
2018-03-29,41.945,0.590475
2018-03-28,41.62,0.509223
2018-03-27,42.085,0.661949
2018-03-26,43.1925,0.658936
2018-03-23,41.235,0.677017
2018-03-22,42.2125,0.391731
2018-03-21,42.8175,0.0522968
2018-03-20,43.81,-0.0855141
2018-03-19,43.825,0.048128
2018-03-16,44.505,0.134304
2018-03-15,44.6625,0.213757
2018-03-14,44.61,-0.104772
2018-03-13,44.9925,-0.136164
2018-03-12,45.43,-0.0929632
2018-03-09,44.995,-0.198933
2018-03-08,44.235,-0.104815
2018-03-07,43.7575,0.108661
2018-03-06,44.1675,0.254397
2018-03-05,44.205,0.089916
2018-03-02,44.0525,0.245687
2018-03-01,43.75,0.49252
2018-02-28,44.53,0.493308
2018-02-27,44.5975,0.4964
2018-02-26,44.7425,0.554052
2018-02-23,43.875,0.722422
2018-02-22,43.125,0.725075
2018-02-21,42.7675,0.850452
2018-02-20,42.9625,0.929828
2018-02-16,43.1075,0.897382
2018-02-15,43.2475,0.916857
2018-02-14,41.8425,0.910782
2018-02-13,41.085,0.863287
2018-02-12,40.6775,0.745517
2018-02-09,39.1025,0.747991
2018-02-08,38.7875,0.672054
2018-02-07,39.885,0.620158
2018-02-06,40.7575,0.602002
2018-02-05,39.1225,0.584506
2018-02-02,40.125,0.591339
2018-02-01,41.945,0.445047
2018-01-31,41.8575,0.370026
2018-01-30,41.7425,0.341668
2018-01-29,41.99,0.0723762
2018-01-26,42.8775,0.183439
2018-01-25,42.7775,0.151544
2018-01-24,43.555,0.155527
2018-01-23,44.26,0.538258
2018-01-22,44.25,0.547979
2018-01-19,44.615,0.501268
2018-01-18,44.815,0.538527
2018-01-17,44.775,0.754371
2018-01-16,44.0475,0.527552
2018-01-12,44.2725,0.336165
2018-01-11,43.82,0.361487
2018-01-10,43.5725,0.306213
2018-01-09,43.5825,0.448849
2018-01-08,43.5875,0.0629127
2018-01-05,43.75,0.109423
2018-01-04,43.2575,0.118427
2018-01-03,43.0575,0.221324
2018-01-02,43.065,0.259599
2017-12-29,42.3075,0.406297
2017-12-28,42.77,0.480043
2017-12-27,42.65,0.223066
2017-12-26,42.6425,0.613391
2017-12-22,43.7525,0.707404
2017-12-21,43.7525,0.806733
2017-12-20,43.5875,0.806315
2017-12-19,43.635,0.610451
2017-12-18,44.105,0.272001
2017-12-15,43.4925,0.307588
2017-12-14,43.055,0.447212
2017-12-13,43.0675,0.206376
2017-12-12,42.925,0.506748
2017-12-11,43.1675,0.821862
2017-12-08,42.3425,0.876622
2017-12-07,42.33,0.950954
2017-12-06,42.2525,0.930112
2017-12-05,42.41,0.753624
2017-12-04,42.45,0.672972
2017-12-01,42.7625,0.461744
2017-11-30,42.9625,0.015092
2017-11-29,42.37,-0.0187921
2017-11-28,43.2675,0.18749
2017-11-27,43.5225,0.0463949
2017-11-24,43.7425,-0.103892
2017-11-22,43.74,-0.22329
2017-11-21,43.285,-0.114831
2017-11-20,42.495,0.0077472
2017-11-17,42.5375,0.0435932
2017-11-16,42.775,0.101586
2017-11-15,42.27,0.13798
2017-11-14,42.835,0.28396
2017-11-13,43.4925,0.325442
2017-11-10,43.6675,0.326014
2017-11-09,43.97,0.254202
2017-11-08,44.06,0.243467
2017-11-07,43.7025,0.281381
2017-11-06,43.5625,0.273557
2017-11-03,43.125,0.284452
2017-11-02,42.0275,0.268761
2017-11-01,41.7225,0.291445
2017-10-31,42.26,0.19652
2017-10-30,41.68,0.255772
2017-10-27,40.7625,0.172277
2017-10-26,39.3525,0.198218
2017-10-25,39.1025,0.132625
2017-10-24,39.275,0.272809
2017-10-23,39.0425,0.174488
2017-10-20,39.0625,-0.0276958
2017-10-19,38.995,0.154149
2017-10-18,39.94,0.319173
2017-10-17,40.1175,0.611119
2017-10-16,39.97,0.940987
2017-10-13,39.2475,0.968772
2017-10-12,39,1.03813
2017-10-11,39.1375,0.832762
2017-10-10,38.975,0.928673
2017-10-09,38.96,0.972478
2017-10-06,38.825,0.957739
2017-10-05,38.8475,0.708622
2017-10-04,38.37,0.870907
2017-10-03,38.62,0.871697
2017-10-02,38.4525,0.842325
2017-09-29,38.53,0.917738
2017-09-28,38.32,0.868007
2017-09-27,38.5575,0.796393
2017-09-26,38.285,0.743463
2017-09-25,37.6375,0.633708
2017-09-22,37.9725,0.495098
2017-09-21,38.3475,0.401076
2017-09-20,39.0175,0.421613
2017-09-19,39.6825,0.355212
2017-09-18,39.6675,0.0338438
2017-09-15,39.97,0.0969462
2017-09-14,39.57,0.170272
2017-09-13,39.9125,0.530942
2017-09-12,40.215,0.600754
2017-09-11,40.375,0.386924
2017-09-08,39.6575,0.135542
2017-09-07,40.315,-0.0354848
2017-09-06,40.4775,0.572581
2017-09-05,40.52,0.478267
2017-09-01,41.0125,0.358771
2017-08-31,41,0.131328
2017-08-30,40.8375,0.0783832
2017-08-29,40.7275,0.274088
2017-08-28,40.3675,-0.280348
2017-08-25,39.965,-0.182982
2017-08-24,39.8175,-0.0200371
2017-08-23,39.995,0.106003
2017-08-22,39.945,0.310199
2017-08-21,39.3025,0.286843
2017-08-18,39.375,0.266818
2017-08-17,39.465,0.188188
2017-08-16,40.2375,0.221942
2017-08-15,40.4,0.283928
2017-08-14,39.9625,0.248791
2017-08-11,39.37,0.240209
2017-08-10,38.83,0.234089
2017-08-09,40.265,0.186385
2017-08-08,40.02,0.0835936
2017-08-07,39.7025,0.0912541
2017-08-04,39.0975,0.0808666
2017-08-03,38.8925,0.058748
2017-08-02,39.285,0.00986944
2017-08-01,37.5125,0.121741
2017-07-31,37.1825,0.122401
2017-07-28,37.375,0.194455
2017-07-27,37.64,0.201126
2017-07-26,38.365,0.374009
2017-07-25,38.185,0.24011
2017-07-24,38.0225,0.42436
2017-07-21,37.5675,0.487395
2017-07-20,37.585,0.444823
2017-07-19,37.755,0.490475
2017-07-18,37.52,0.41914
2017-07-17,37.39,0.625126
2017-07-14,37.26,0.056975
2017-07-13,36.9425,0.391114
2017-07-12,36.435,0.591463
2017-07-11,36.3825,0.875678
2017-07-10,36.265,0.634267
2017-07-07,36.045,1.16318
2017-07-06,35.6825,1.39695
2017-07-05,36.0225,1.19381
2017-07-03,35.875,1.01995
2017-06-30,36.005,0.9231
2017-06-29,35.92,0.947489
2017-06-28,36.4575,0.784682
2017-06-27,35.9325,0.736762
2017-06-26,36.455,0.760962
2017-06-23,36.57,0.733358
2017-06-22,36.4075,0.724815
2017-06-21,36.4675,0.675582
2017-06-20,36.2525,0.68134
2017-06-19,36.585,0.672075
2017-06-16,35.5675,0.600329
2017-06-15,36.0725,0.543579
2017-06-14,36.29,0.341724
2017-06-13,36.6475,0.750297
2017-06-12,36.355,0.760397
2017-06-09,37.245,0.847505
2017-06-08,38.7475,0.495442
2017-06-07,38.8425,0.379658
2017-06-06,38.6125,0.534054
2017-06-05,38.4825,0.354105
2017-06-02,38.8625,-0.193676
2017-06-01,38.295,-0.251052
2017-05-31,38.19,-0.0612926
2017-05-30,38.4175,0.0523738
2017-05-26,38.4025,0.0441748
2017-05-25,38.4675,-0.0643606
2017-05-24,38.335,0.0274774
2017-05-23,38.45,0.0821863
2017-05-22,38.4975,0.171744
2017-05-19,38.265,0.160448
2017-05-18,38.135,0.13074
2017-05-17,37.5625,0.177394
2017-05-16,38.8675,0.132212
2017-05-15,38.925,0.188214
2017-05-12,39.025,0.242097
2017-05-11,38.4875,0.219061
2017-05-10,38.315,0.280624
2017-05-09,38.4975,0.287481
2017-05-08,38.2525,0.41208
2017-05-05,37.24,0.454108
2017-05-04,36.6325,0.519768
2017-05-03,36.765,0.5856
2017-05-02,36.8775,0.719957
2017-05-01,36.645,0.610863
2017-04-28,35.9125,0.655792
2017-04-27,35.9475,0.708298
2017-04-26,35.92,0.741955
2017-04-25,36.1325,0.67363
2017-04-24,35.91,0.114363
2017-04-21,35.5675,0.116917
2017-04-20,35.61,0.195785
2017-04-19,35.17,0.301218
2017-04-18,35.3,0.0431785
2017-04-17,35.4575,0.321123
2017-04-13,35.2625,0.106165
2017-04-12,35.45,0.227166
2017-04-11,35.4075,0.210433
2017-04-10,35.7925,0.0440993
2017-04-07,35.835,0.123797
2017-04-06,35.915,0.157216
2017-04-05,36.005,0.140949
2017-04-04,36.1925,0.211011
2017-04-03,35.925,0.296246
2017-03-31,35.915,0.292716
2017-03-30,35.9825,0.375187
2017-03-29,36.03,0.264214
2017-03-28,35.95,0.42922
2017-03-27,35.22,-0.166033
2017-03-24,35.16,-0.0596652
2017-03-23,35.23,-0.0167281
2017-03-22,35.355,0.0317995
2017-03-21,34.96,0.165458
2017-03-20,35.365,0.13725
2017-03-17,34.9975,0.021411
2017-03-16,35.1725,0.0332626
2017-03-15,35.115,0.102063
2017-03-14,34.7475,0.0740495
2017-03-13,34.8,-0.066007
2017-03-10,34.785,-0.0848824
2017-03-09,34.67,0.0285194
2017-03-08,34.75,0.0565144
2017-03-07,34.88,0.067929
2017-03-06,34.835,0.0226347
2017-03-03,34.945,-0.00338161
2017-03-02,34.74,0.0172203
2017-03-01,34.9475,0.0850955
2017-02-28,34.2475,-0.243865
2017-02-27,34.2325,-0.0862933
2017-02-24,34.165,0.014399
2017-02-23,34.1325,0.0746946
2017-02-22,34.2775,0.119548
2017-02-21,34.175,0.0845494
2017-02-17,33.93,0.131036
2017-02-16,33.8375,0.16366
2017-02-15,33.8775,0.185837
2017-02-14,33.755,0.220716
2017-02-13,33.3225,0.243649
2017-02-10,33.03,0.222913
2017-02-09,33.105,0.256565
2017-02-08,33.01,0.301554
2017-02-07,32.8825,0.283677
2017-02-06,32.5725,0.291
2017-02-03,32.27,0.228979
2017-02-02,32.1325,0.139106
2017-02-01,32.1875,0.0844157
2017-01-31,30.3375,0.0136847
2017-01-30,30.4075,0.0397127
2017-01-27,30.4875,0.192576
2017-01-26,30.485,0.221962
2017-01-25,30.47,0.309694
2017-01-24,29.9925,0.219294
2017-01-23,30.02,0.213367
2017-01-20,30,0.354116
2017-01-19,29.945,0.355292
2017-01-18,29.9975,0.322796
2017-01-17,30,0.227631
2017-01-13,29.76,0.219489
2017-01-12,29.8125,0.13355
2017-01-11,29.9375,0.161387
2017-01-10,29.7775,-0.140168
2017-01-09,29.7475,0.029392
2017-01-06,29.4775,-0.194313
2017-01-05,29.1525,-0.185567
2017-01-04,29.005,-0.148443
2017-01-03,29.0375,-0.0959816
2016-12-30,28.955,0.0563146
2016-12-29,29.1825,0.0799562
2016-12-28,29.19,0.203408
2016-12-27,29.315,0.305772
2016-12-23,29.13,0.335138
2016-12-22,29.0725,0.372783
2016-12-21,29.265,0.340336
2016-12-20,29.2375,0.41384
2016-12-19,29.16,0.427284
2016-12-16,28.9925,0.261113
2016-12-15,28.955,0.266384
2016-12-14,28.7975,0.286521
2016-12-13,28.7975,-0.0628283
2016-12-12,28.325,-0.157745
2016-12-09,28.4875,0.234204
2016-12-08,28.03,0.16584
2016-12-07,27.7575,0.639227
2016-12-06,27.4875,0.666586
2016-12-05,27.2775,0.563008
2016-12-02,27.475,0.325002
2016-12-01,27.3725,0.476716
2016-11-30,27.63,0.724994
2016-11-29,27.865,0.699677
2016-11-28,27.8925,0.950428
2016-11-25,27.9475,0.929125
2016-11-23,27.8075,0.966425
2016-11-22,27.95,1.0067
2016-11-21,27.9325,1.11951
2016-11-18,27.515,0.9864
2016-11-17,27.4875,0.860595
2016-11-16,27.4975,0.850852
2016-11-15,26.7775,0.818487
2016-11-14,26.4275,0.811039
2016-11-11,27.1075,0.796963
2016-11-10,26.9475,0.776608
2016-11-09,27.72,0.709557
2016-11-08,27.765,0.715765
2016-11-07,27.6025,0.612704
2016-11-04,27.21,0.572111
2016-11-03,27.4575,0.345761
2016-11-02,27.8975,0.272541
2016-11-01,27.8725,0.135549
2016-10-31,28.385,0.0858491
2016-10-28,28.43,0.0451483
2016-10-27,28.62,0.131887
2016-10-26,28.8975,0.0637584
2016-10-25,29.5625,0.298956
2016-10-24,29.4125,0.221184
2016-10-21,29.15,0.223797
2016-10-20,29.265,0.231225
2016-10-19,29.28,0.480711
2016-10-18,29.3675,0.363418
2016-10-17,29.3875,0.385087
2016-10-14,29.4075,0.406469
2016-10-13,29.245,0.645334
2016-10-12,29.335,0.789755
2016-10-11,29.075,0.0973264
2016-10-10,29.0125,-0.327155
2016-10-07,28.515,-0.315982
2016-10-06,28.4725,-0.245189
2016-10-05,28.2625,0.0313681
2016-10-04,28.25,0.265457
2016-10-03,28.13,0.242828
2016-09-30,28.2625,0.266833
2016-09-29,28.045,0.225793
2016-09-28,28.4875,0.212861
2016-09-27,28.2725,0.234511
2016-09-26,28.22,0.308617
2016-09-23,28.1775,0.33491
2016-09-22,28.655,0.391958
2016-09-21,28.3875,0.441689
2016-09-20,28.3925,0.517654
2016-09-19,28.395,0.511852
2016-09-16,28.73,0.603627
2016-09-15,28.8925,0.622814
2016-09-14,27.9425,0.734502
2016-09-13,26.9875,0.81185
2016-09-12,26.36,0.803974
2016-09-09,25.7825,0.587103
2016-09-08,26.38,0.511796
2016-09-07,27.09,0.500359
2016-09-06,26.925,0.686575
2016-09-02,26.9325,0.574614
2016-09-01,26.6825,0.367747
2016-08-31,26.525,0.0289194
2016-08-30,26.5,0.0262749
2016-08-29,26.705,-0.147509
2016-08-26,26.735,0.166841
2016-08-25,26.8925,-0.0602422
2016-08-24,27.0075,0.0351
2016-08-23,27.2125,-0.0450959
2016-08-22,27.1275,-0.327763
2016-08-19,27.34,-0.108384
2016-08-18,27.27,0.0526922
2016-08-17,27.305,0.145688
2016-08-16,27.345,0.209956
2016-08-15,27.37,0.232198
2016-08-12,27.045,0.254441
2016-08-11,26.9825,0.21771
2016-08-10,27,0.24465
2016-08-09,27.2025,0.158355
2016-08-08,27.0925,0.217181
2016-08-05,26.87,0.210081
2016-08-04,26.4675,0.210874
2016-08-03,26.4475,0.184081
2016-08-02,26.12,0.178222
2016-08-01,26.5125,0.165806
2016-07-29,26.0525,0.249755
2016-07-28,26.085,0.236644
2016-07-27,25.7375,0.109178
2016-07-26,24.1675,0.0191762
2016-07-25,24.335,-0.0642626
2016-07-22,24.665,0.137036
2016-07-21,24.8575,0.444077
2016-07-20,24.99,0.400825
2016-07-19,24.9675,0.462966
2016-07-18,24.9575,0.381777
2016-07-15,24.695,0.435802
2016-07-14,24.6975,0.807502
2016-07-13,24.2175,0.777716
2016-07-12,24.355,0.822532
2016-07-11,24.245,0.803145
2016-07-08,24.17,1.00096
2016-07-07,23.985,1.0358
2016-07-06,23.8825,0.887023
2016-07-05,23.7475,0.855798
2016-07-01,23.9725,0.776249
2016-06-30,23.9,0.674847
2016-06-29,23.6,0.63736
2016-06-28,23.3975,0.704611
2016-06-27,23.01,0.842886
2016-06-24,23.35,0.900673
2016-06-23,24.025,0.896044
2016-06-22,23.8875,0.747333
2016-06-21,23.9775,0.456869
2016-06-20,23.775,0.199183
2016-06-17,23.8325,-0.0138368
2016-06-16,24.3875,-0.125484
2016-06-15,24.285,0.0115345
2016-06-14,24.365,-0.0381491
2016-06-13,24.335,0.0703857
2016-06-10,24.7075,-0.132413
2016-06-09,24.9125,-0.0355944
2016-06-08,24.735,0.179415
2016-06-07,24.7575,0.275876
2016-06-06,24.6575,0.251698
2016-06-03,24.48,0.270245
2016-06-02,24.43,0.329738
2016-06-01,24.615,0.418311
2016-05-31,24.965,0.511477
2016-05-27,25.0875,0.403266
2016-05-26,25.1025,0.434281
2016-05-25,24.905,0.584223
2016-05-24,24.475,0.999724
2016-05-23,24.1075,1.38002
2016-05-20,23.805,1.20263
2016-05-19,23.55,1.09379
2016-05-18,23.64,1.0104
2016-05-17,23.3725,0.982679
2016-05-16,23.47,0.912545
2016-05-13,22.63,0.884824
2016-05-12,22.585,0.922344
2016-05-11,23.1275,0.946433
2016-05-10,23.355,0.893348
2016-05-09,23.1975,0.803678
2016-05-06,23.18,0.730272
2016-05-05,23.31,0.696378
2016-05-04,23.5475,0.672042
2016-05-03,23.795,0.743835
2016-05-02,23.41,0.677291
2016-04-29,23.435,0.718697
2016-04-28,23.7075,0.650533
2016-04-27,24.455,0.569227
2016-04-26,26.0875,0.599121
2016-04-25,26.27,0.353045
2016-04-22,26.42,0.0373444
2016-04-21,26.4925,0.0981472
2016-04-20,26.7825,0.153177
2016-04-19,26.7275,0.233338
2016-04-18,26.87,0.148405
2016-04-15,27.4625,0.171434
2016-04-14,28.025,0.191829
2016-04-13,28.01,0.234348
2016-04-12,27.61,0.103702
2016-04-11,27.255,-0.0429414
2016-04-08,27.165,0.0151869
2016-04-07,27.135,0.0002891
2016-04-06,27.74,0.0636355
2016-04-05,27.4525,0.0999575
2016-04-04,27.78,0.200091
2016-04-01,27.4975,0.313232
2016-03-31,27.2475,0.198211
2016-03-30,27.39,0.15609
2016-03-29,26.92,0.151964
2016-03-28,26.2975,-0.123872
2016-03-24,26.4175,-0.00639914
2016-03-23,26.5325,0.0502301
2016-03-22,26.68,0.0595699
2016-03-21,26.4775,0.0201685
2016-03-18,26.48,0.209107
2016-03-17,26.45,0.177452
2016-03-16,26.4925,0.218072
2016-03-15,26.145,0.38439
2016-03-14,25.63,0.273865
2016-03-11,25.565,0.0789513
2016-03-10,25.2925,0.100953
2016-03-09,25.28,0.186329
2016-03-08,25.2575,0.273293
2016-03-07,25.4675,0.296895
2016-03-04,25.7525,0.229217
2016-03-03,25.375,0.508851
2016-03-02,25.1875,0.511378
2016-03-01,25.1325,0.269324
2016-02-29,24.1725,0.641196
2016-02-26,24.2275,0.813864
2016-02-25,24.19,0.194505
2016-02-24,24.025,0.113491
2016-02-23,23.6725,1.15512
2016-02-22,24.22,0.98444
2016-02-19,24.01,1.10653
2016-02-18,24.065,0.518
2016-02-17,24.53,0.570991
2016-02-16,24.16,0.565746
2016-02-12,23.4975,0.61724
2016-02-11,23.425,0.852527
2016-02-10,23.5675,0.594649
2016-02-09,23.7475,0.853839
2016-02-08,23.7525,0.67127
2016-02-05,23.505,0.47865
2016-02-04,24.15,0.398618
2016-02-03,24.0875,0.879225
2016-02-02,23.62,1.01334
2016-02-01,24.1075,1.12965
2016-01-29,24.335,1.01831
2016-01-28,23.5225,1.05604
2016-01-27,23.355,1.05118
2016-01-26,24.9975,0.891447
2016-01-25,24.86,0.91058
2016-01-22,25.355,0.89141
2016-01-21,24.075,0.788371
2016-01-20,24.1975,0.766193
2016-01-19,24.165,0.676093
2016-01-15,24.2825,0.807801
2016-01-14,24.88,0.893768
2016-01-13,24.3475,0.812388
2016-01-12,24.99,0.881253
2016-01-11,24.6325,0.87443
2016-01-08,24.24,0.971884
2016-01-07,24.1125,0.915485
2016-01-06,25.175,1.02974
2016-01-05,25.6775,0.981567
2016-01-04,26.3375,0.966764
2015-12-31,26.315,0.727787
2015-12-30,26.83,0.763618
2015-12-29,27.185,0.793806
2015-12-28,26.705,0.813701
2015-12-24,27.0075,0.760187
2015-12-23,27.1525,0.747475
2015-12-22,26.8075,0.769508
2015-12-21,26.8325,0.683376
2015-12-18,26.5075,0.762083
2015-12-17,27.245,0.7217
2015-12-16,27.835,0.577363
2015-12-15,27.6225,0.195997
2015-12-14,28.12,0.179275
2015-12-11,28.295,-0.0418894
2015-12-10,29.0425,0.342952
2015-12-09,28.905,0.394841
2015-12-08,29.5575,0.473927
2015-12-07,29.57,0.932183
2015-12-04,29.7575,0.939391
2015-12-03,28.8,0.892062
2015-12-02,29.07,0.941931
2015-12-01,29.335,0.932988
2015-11-30,29.575,0.775259
2015-11-27,29.4525,0.615882
2015-11-25,29.5075,0.693945
2015-11-24,29.72,0.575716
2015-11-23,29.4375,0.187753
2015-11-20,29.825,0.266116
2015-11-19,29.695,0.584508
2015-11-18,29.3225,0.301887
2015-11-17,28.4225,0.186591
2015-11-16,28.545,0.186564
2015-11-13,28.085,0.0596746
2015-11-12,28.93,0.0287852
2015-11-11,29.0275,0.123835
2015-11-10,29.1925,0.068119
2015-11-09,30.1425,0.196
2015-11-06,30.265,0.215377
2015-11-05,30.23,0.270522
2015-11-04,30.5,0.151389
2015-11-03,30.6425,0.250415
2015-11-02,30.295,0.300753
2015-10-30,29.875,0.282121
2015-10-29,30.1325,0.272251
2015-10-28,29.8175,0.217279
2015-10-27,28.6375,0.292714
2015-10-26,28.82,0.19446
2015-10-23,29.77,0.56746
2015-10-22,28.875,0.958337
2015-10-21,28.44,1.02187
2015-10-20,28.4425,0.903469
2015-10-19,27.9325,0.77263
2015-10-16,27.76,0.969227
2015-10-15,27.965,0.709659
2015-10-14,27.5525,0.751966
2015-10-13,27.9475,0.990822
2015-10-12,27.9,0.915274
2015-10-09,28.03,0.779057
2015-10-08,27.375,0.648488
2015-10-07,27.695,0.45483
2015-10-06,27.8275,0.19067
2015-10-05,27.695,0.423779
2015-10-02,27.595,0.108299
2015-10-01,27.395,0.226658
2015-09-30,27.575,-9.25596e+61
2015-09-29,27.265,-9.25596e+61
2015-09-28,28.11,-9.25596e+61
2015-09-25,28.6775,-9.25596e+61
2015-09-24,28.75,-9.25596e+61
2015-09-23,28.58,-9.25596e+61
2015-09-22,28.35,-9.25596e+61
2015-09-21,28.8025,-9.25596e+61
2015-09-18,28.3625,-9.25596e+61
2015-09-17,28.48,-9.25596e+61
2015-09-16,29.1025,-9.25596e+61
2015-09-15,29.07,-9.25596e+61
2015-09-14,28.8275,-9.25596e+61
2015-09-11,28.5525,-9.25596e+61
2015-09-10,28.1425,-9.25596e+61
2015-09-09,27.5375,-9.25596e+61
2015-09-08,28.0775,-9.25596e+61
2015-09-04,27.3175,-9.25596e+61
2015-09-03,27.5925,-9.25596e+61
